Loan_ID,Gender,Married,Dependents,Education,Self_Employed,ApplicantIncome,CoapplicantIncome,LoanAmount,Loan_Amount_Term,Credit_History,Property_Area,Loan_Status
LP001002,Male,No,0,Graduate,No,5849,0,,360,1,Urban,Y
LP001003,Male,Yes,1,Graduate,No,4583,1508,128,360,1,Rural,N
LP001005,Male,Yes,0,Graduate,Yes,3000,0,66,360,1,Urban,Y
LP001006,Male,Yes,0,Not Graduate,No,2583,2358,120,360,1,Urban,Y
LP001008,Male,No,0,Graduate,No,6000,0,14,360,1,Urban,Y
LP001011,Male,Yes,2,Graduate,Yes,5417,4196,267,360,1,Urban,Y
LP001013,Male,Yes,0,Not Graduate,No,2333,1516,95,360,1,Urban,Y
LP001014,Male,Yes,3+,Graduate,No,3036,2504,158,360,0,Semiurban,N
LP001018,Male,Yes,2,Graduate,No,4006,1526,168,360,1,Urban,Y
LP001020,Male,Yes,1,Graduate,No,12841,1096,349,360,1,Semiurban,N
LP001024,Male,Yes,2,Graduate,No,3200,700,70,360,1,Urban,Y
LP001027,Male,Yes,2,Graduate,,2500,1840,109,360,1,Urban,Y
LP001028,Male,Yes,2,Graduate,No,3073,8106,200,360,1,Urban,Y
LP001029,Male,No,0,Graduate,No,1853,2840,114,360,1,Rural,N
LP001030,Male,Yes,2,Graduate,No,1299,1086,170,120,1,Urban,Y
LP001032,Male,No,0,Graduate,No,4950,10968,130,360,1,Urban,Y
LP001034,Male,No,1,Not Graduate,No,3596,0,100,240,,Urban,Y
LP001036,Female,No,0,Graduate,No,3510,0,76,360,0,Urban,N
LP001038,Male,Yes,0,Not Graduate,No,4887,200,130,360,1,Rural,N
LP001041,Male,Yes,0,Graduate,,2600,3500,115,,1,Urban,Y
LP001043,Male,Yes,0,Not Graduate,No,7660,0,104,360,0,Urban,N
LP001046,Male,Yes,1,Graduate,No,5955,5625,315,360,1,Urban,Y
LP001047,Male,Yes,0,Not Graduate,No,2600,1911,116,360,0,Semiurban,N
LP001050,,Yes,2,Not Graduate,No,3365,1917,112,360,0,Rural,N
LP001052,Male,Yes,1,Graduate,,3717,2925,151,360,,Semiurban,N
LP001066,Male,Yes,0,Graduate,Yes,9560,0,180,360,1,Semiurban,Y
LP001068,Male,Yes,0,Graduate,No,2799,2253,122,360,1,Semiurban,Y
LP001073,Male,Yes,2,Not Graduate,No,4226,1040,100,360,1,Urban,Y
LP001086,Male,No,0,Not Graduate,No,1442,0,135,360,1,Urban,N
LP001087,Female,No,2,Graduate,,3750,2083,120,360,1,Semiurban,Y
LP001091,Male,Yes,1,Graduate,,4166,3369,150,360,,Urban,N
LP001095,Male,No,0,Graduate,No,3167,550,170,360,1,Urban,N
LP001097,Male,No,1,Graduate,Yes,4692,0,106,360,1,Rural,N
LP001098,Male,Yes,0,Graduate,No,3500,1667,114,360,1,Semiurban,Y
LP001100,Male,No,3+,Graduate,No,12500,3000,320,360,1,Rural,N
LP001106,Male,Yes,0,Graduate,No,2275,2067,20,360,1,Urban,Y
LP001109,Male,Yes,0,Graduate,No,1828,1330,100,,0,Urban,N
LP001112,Female,Yes,0,Graduate,No,3667,1459,144,360,1,Semiurban,Y
LP001114,Male,No,0,Graduate,No,4166,0,100,360,1,Urban,Y
LP001116,Male,No,0,Not Graduate,No,3748,0,100,360,1,Semiurban,Y
LP001119,Male,No,0,Graduate,No,3600,0,80,360,1,Urban,N
LP001120,Male,No,0,Graduate,No,1800,1213,147,360,1,Urban,Y
LP001123,Male,Yes,0,Graduate,No,2400,0,75,360,,Urban,Y
LP001131,Male,Yes,0,Graduate,No,3941,2336,130,360,1,Semiurban,Y
LP001136,Male,Yes,0,Not Graduate,Yes,4695,0,96,,1,Urban,Y
LP001137,Female,No,0,Graduate,No,3410,0,200,,1,Urban,Y
LP001138,Male,Yes,1,Graduate,No,5649,0,44,360,1,Urban,Y
LP001144,Male,Yes,0,Graduate,No,5821,0,144,360,1,Urban,Y
LP001146,Female,Yes,0,Graduate,No,2645,3440,120,360,0,Urban,N
LP001151,Female,No,0,Graduate,No,4000,2275,144,360,1,Semiurban,Y
LP001155,Female,Yes,0,Not Graduate,No,1928,1644,100,360,1,Semiurban,Y
LP001157,Female,No,0,Graduate,No,3086,0,150,360,1,Semiurban,Y
LP001164,Female,No,0,Graduate,No,4230,350,100,360,1,Semiurban,N
LP001179,Male,Yes,2,Graduate,No,4616,0,130,360,1,Urban,N
LP001186,Female,Yes,1,Graduate,Yes,11500,0,200,360,0,Urban,N
LP001194,Male,Yes,2,Graduate,No,2708,1167,197,360,1,Semiurban,Y
LP001195,Male,Yes,0,Graduate,No,2132,1591,96,360,1,Semiurban,Y
LP001197,Male,Yes,0,Graduate,No,3366,2200,135,360,1,Rural,N
LP001198,Male,Yes,1,Graduate,No,8080,2250,180,360,1,Urban,Y
LP001199,Male,Yes,2,Not Graduate,No,3357,2859,144,360,1,Urban,Y
LP001205,Male,Yes,0,Graduate,No,2500,3796,120,360,1,Urban,Y
LP001206,Male,Yes,3+,Graduate,No,3029,0,100,360,1,Urban,Y
LP001207,Male,Yes,0,Not Graduate,Yes,2609,3449,165,180,0,Rural,N
LP001213,Male,Yes,1,Graduate,No,4945,0,100,360,0,Rural,N
LP001222,Female,No,0,Graduate,No,4166,0,116,360,0,Semiurban,N
LP001225,Male,Yes,0,Graduate,No,5726,4595,258,360,1,Semiurban,N
LP001228,Male,No,0,Not Graduate,No,3200,2254,126,180,0,Urban,N
LP001233,Male,Yes,1,Graduate,No,10750,0,312,360,1,Urban,Y
LP001238,Male,Yes,3+,Not Graduate,Yes,7100,0,125,60,1,Urban,Y
LP001241,Female,No,0,Graduate,No,4300,0,136,360,0,Semiurban,N
LP001243,Male,Yes,0,Graduate,No,3208,2309,172,360,1,Urban,Y
LP001245,Male,Yes,2,Not Graduate,Yes,1875,0,97,360,1,Semiurban,Y
LP001248,Male,No,0,Graduate,No,3500,400,81,300,1,Semiurban,Y
LP001250,Male,Yes,3+,Not Graduate,No,4755,0,95,,0,Semiurban,N
LP001253,Male,Yes,3+,Graduate,Yes,5266,0,100,360,1,Semiurban,Y
LP001255,Male,No,0,Graduate,No,3750,256,113,480,1,Urban,N
LP001256,Male,No,0,Graduate,No,3750,0,176,360,1,Urban,N
LP001259,Male,Yes,1,Graduate,Yes,1000,0,110,360,1,Urban,N
LP001263,Male,Yes,3+,Graduate,No,3167,0,180,300,0,Semiurban,N
LP001264,Male,Yes,3+,Not Graduate,Yes,3333,2406,130,360,,Semiurban,Y
LP001265,Female,No,0,Graduate,No,3846,1245,111,360,1,Semiurban,Y
LP001266,Male,Yes,1,Graduate,Yes,2395,0,,360,1,Semiurban,Y
LP001267,Female,Yes,2,Graduate,No,1378,0,100,360,1,Urban,N
LP001273,Male,Yes,0,Graduate,No,6000,2450,265,360,,Semiurban,N
LP001275,Male,Yes,1,Graduate,No,3988,0,21,240,1,Urban,Y
LP001279,Male,No,0,Graduate,No,2366,0,136,360,1,Semiurban,Y
LP001280,Male,Yes,2,Not Graduate,No,3333,0,99,360,,Semiurban,Y
LP001282,Male,Yes,0,Graduate,No,2500,0,104,360,1,Semiurban,Y
LP001289,Male,No,0,Graduate,No,8566,5000,210,360,1,Urban,Y
LP001310,Male,Yes,0,Graduate,No,5695,0,170,360,1,Semiurban,Y
LP001316,Male,Yes,0,Graduate,No,2958,0,131,360,1,Semiurban,Y
LP001318,Male,Yes,2,Graduate,No,6250,0,130,180,1,Semiurban,Y
LP001319,Male,Yes,2,Not Graduate,No,3273,0,81,360,1,Urban,Y
LP001322,Male,No,0,Graduate,No,4133,0,122,360,1,Semiurban,Y
LP001325,Male,No,0,Not Graduate,No,3620,230,25,120,1,Semiurban,Y
LP001326,Male,No,0,Graduate,,6782,0,,360,,Urban,N
LP001327,Female,Yes,0,Graduate,No,2484,0,137,360,1,Semiurban,Y
LP001333,Male,Yes,0,Graduate,No,1977,0,50,360,1,Semiurban,Y
LP001334,Male,Yes,0,Not Graduate,No,4188,0,100,180,1,Semiurban,Y
LP001343,Male,Yes,0,Graduate,No,1759,340,150,360,1,Semiurban,Y
LP001345,Male,Yes,2,Not Graduate,No,4288,0,33,180,1,Urban,Y
LP001349,Male,No,0,Graduate,No,4843,0,151,360,1,Semiurban,Y
LP001350,Male,Yes,,Graduate,No,13650,0,20,360,1,Urban,Y
LP001356,Male,Yes,0,Graduate,No,4652,0,20,360,1,Semiurban,Y
LP001357,Male,,,Graduate,No,3816,0,160,360,1,Urban,Y
LP001367,Male,Yes,1,Graduate,No,3052,0,100,360,1,Urban,Y
LP001369,Male,Yes,2,Graduate,No,11417,0,225,360,1,Urban,Y
LP001370,Male,No,0,Not Graduate,,7333,0,120,360,1,Rural,N
LP001379,Male,Yes,2,Graduate,No,3800,2345,216,360,0,Urban,N
LP001384,Male,Yes,3+,Not Graduate,No,2071,0,94,180,1,Semiurban,Y
LP001385,Male,No,0,Graduate,No,5316,0,136,360,1,Urban,Y
LP001387,Female,Yes,0,Graduate,,2929,0,139,360,1,Semiurban,Y
LP001391,Male,Yes,0,Not Graduate,No,3572,0,152,,0,Rural,N
LP001392,Female,No,1,Graduate,Yes,7451,2345,,360,1,Semiurban,Y
LP001398,Male,No,0,Graduate,,5050,0,100,360,1,Semiurban,Y
LP001401,Male,Yes,1,Graduate,No,14583,0,180,180,1,Rural,Y
LP001404,Female,Yes,0,Graduate,No,3167,0,154,360,1,Semiurban,Y
LP001405,Male,Yes,1,Graduate,No,2214,0,100,360,,Urban,Y
LP001421,Male,Yes,0,Graduate,No,5568,0,175,360,1,Rural,N
LP001422,Female,No,0,Graduate,No,10408,0,200,360,1,Urban,Y
LP001426,Male,Yes,,Graduate,No,5667,4569,180,360,1,Rural,Y
LP001430,Female,No,0,Graduate,No,4166,0,44,240,1,Semiurban,Y
LP001431,Female,No,0,Graduate,No,2137,0,137,360,0,Semiurban,Y
LP001432,Male,Yes,2,Graduate,No,2957,0,81,360,1,Semiurban,Y
LP001439,Male,Yes,0,Not Graduate,No,4300,0,194,360,1,Rural,Y
LP001443,Female,No,0,Graduate,No,3692,0,93,360,,Rural,Y
LP001448,,Yes,3+,Graduate,No,23803,0,370,360,1,Rural,Y
LP001449,Male,No,0,Graduate,No,3865,0,,360,1,Rural,Y
LP001451,Male,Yes,1,Graduate,Yes,10513,0,160,180,0,Urban,N
LP001465,Male,Yes,0,Graduate,No,6080,0,182,170,,Rural,N
LP001469,Male,No,0,Graduate,Yes,20166,0,650,480,,Urban,Y
LP001473,Male,No,0,Graduate,No,2014,0,74,360,1,Urban,Y
LP001478,Male,No,0,Graduate,No,2718,0,70,360,1,Semiurban,Y
LP001482,Male,Yes,0,Graduate,Yes,3459,0,25,120,1,Semiurban,Y
LP001487,Male,No,0,Graduate,No,4895,0,102,360,1,Semiurban,Y
LP001488,Male,Yes,3+,Graduate,No,4000,0,290,360,1,Semiurban,N
LP001489,Female,Yes,0,Graduate,No,4583,0,84,360,1,Rural,N
LP001491,Male,Yes,2,Graduate,Yes,3316,0,88,360,1,Urban,Y
LP001492,Male,No,0,Graduate,No,14999,0,242,360,0,Semiurban,N
LP001493,Male,Yes,2,Not Graduate,No,4200,0,129,360,1,Rural,N
LP001497,Male,Yes,2,Graduate,No,5042,0,185,360,1,Rural,N
LP001498,Male,No,0,Graduate,No,5417,0,168,360,1,Urban,Y
LP001504,Male,No,0,Graduate,Yes,6950,0,175,180,1,Semiurban,Y
LP001507,Male,Yes,0,Graduate,No,2698,0,122,360,1,Semiurban,Y
LP001508,Male,Yes,2,Graduate,No,11757,0,187,180,1,Urban,Y
LP001514,Female,Yes,0,Graduate,No,2330,0,100,360,1,Semiurban,Y
LP001516,Female,Yes,2,Graduate,No,14866,0,70,360,1,Urban,Y
LP001518,Male,Yes,1,Graduate,No,1538,0,30,360,1,Urban,Y
LP001519,Female,No,0,Graduate,No,10000,0,225,360,1,Rural,N
LP001520,Male,Yes,0,Graduate,No,4860,0,125,360,1,Semiurban,Y
LP001528,Male,No,0,Graduate,No,6277,0,118,360,0,Rural,N
LP001529,Male,Yes,0,Graduate,Yes,2577,0,152,360,1,Rural,Y
LP001531,Male,No,0,Graduate,No,9166,0,244,360,1,Urban,N
LP001532,Male,Yes,2,Not Graduate,No,2281,0,113,360,1,Rural,N
LP001535,Male,No,0,Graduate,No,3254,0,50,360,1,Urban,Y
LP001536,Male,Yes,3+,Graduate,No,39999,0,600,180,0,Semiurban,Y
LP001541,Male,Yes,1,Graduate,No,6000,0,160,360,,Rural,Y
LP001543,Male,Yes,1,Graduate,No,9538,0,187,360,1,Urban,Y
LP001546,Male,No,0,Graduate,,2980,0,120,360,1,Rural,Y
LP001552,Male,Yes,0,Graduate,No,4583,0,255,360,1,Semiurban,Y
LP001560,Male,Yes,0,Not Graduate,No,1863,0,98,360,1,Semiurban,Y
LP001562,Male,Yes,0,Graduate,No,7933,0,275,360,1,Urban,N
LP001565,Male,Yes,1,Graduate,No,3089,0,121,360,0,Semiurban,N
LP001570,Male,Yes,2,Graduate,No,4167,0,158,360,1,Rural,Y
LP001572,Male,Yes,0,Graduate,No,9323,0,75,180,1,Urban,Y
LP001574,Male,Yes,0,Graduate,No,3707,0,182,,1,Rural,Y
LP001577,Female,Yes,0,Graduate,No,4583,0,112,360,1,Rural,N
LP001578,Male,Yes,0,Graduate,No,2439,0,129,360,1,Rural,Y
LP001579,Male,No,0,Graduate,No,2237,0,63,480,0,Semiurban,N
LP001580,Male,Yes,2,Graduate,No,8000,0,200,360,1,Semiurban,Y
LP001581,Male,Yes,0,Not Graduate,,1820,0,95,360,1,Rural,Y
LP001585,,Yes,3+,Graduate,No,51763,0,700,300,1,Urban,Y
LP001586,Male,Yes,3+,Not Graduate,No,3522,0,81,180,1,Rural,N
LP001594,Male,Yes,0,Graduate,No,5708,0,187,360,1,Semiurban,Y
LP001603,Male,Yes,0,Not Graduate,Yes,4344,0,87,360,1,Semiurban,N
LP001606,Male,Yes,0,Graduate,No,3497,0,116,360,1,Rural,Y
LP001608,Male,Yes,2,Graduate,No,2045,0,101,360,1,Rural,Y
LP001610,Male,Yes,3+,Graduate,No,5516,0,495,360,0,Semiurban,N
LP001616,Male,Yes,1,Graduate,No,3750,0,116,360,1,Semiurban,Y
LP001630,Male,No,0,Not Graduate,No,2333,0,102,480,0,Urban,N
LP001633,Male,Yes,1,Graduate,No,6400,0,180,360,0,Urban,N
LP001634,Male,No,0,Graduate,No,1916,0,67,360,,Rural,N
LP001636,Male,Yes,0,Graduate,No,4600,0,73,180,1,Semiurban,Y
LP001637,Male,Yes,1,Graduate,No,33846,0,260,360,1,Semiurban,N
LP001639,Female,Yes,0,Graduate,No,3625,0,108,360,1,Semiurban,Y
LP001640,Male,Yes,0,Graduate,Yes,39147,0,120,360,1,Semiurban,Y
LP001641,Male,Yes,1,Graduate,Yes,2178,0,66,300,0,Rural,N
LP001643,Male,Yes,0,Graduate,No,2383,0,58,360,,Rural,Y
LP001644,,Yes,0,Graduate,Yes,674,0,168,360,1,Rural,Y
LP001647,Male,Yes,0,Graduate,No,9328,0,188,180,1,Rural,Y
LP001653,Male,No,0,Not Graduate,No,4885,0,48,360,1,Rural,Y
LP001656,Male,No,0,Graduate,No,12000,0,164,360,1,Semiurban,N
LP001657,Male,Yes,0,Not Graduate,No,6033,0,160,360,1,Urban,N
LP001658,Male,No,0,Graduate,No,3858,0,76,360,1,Semiurban,Y
LP001664,Male,No,0,Graduate,No,4191,0,120,360,1,Rural,Y
LP001665,Male,Yes,1,Graduate,No,3125,0,170,360,1,Semiurban,N
LP001666,Male,No,0,Graduate,No,8333,0,187,360,1,Rural,Y
LP001669,Female,No,0,Not Graduate,No,1907,0,120,,1,Urban,Y
LP001671,Female,Yes,0,Graduate,No,3416,0,113,360,,Semiurban,Y
LP001673,Male,No,0,Graduate,Yes,11000,0,83,360,1,Urban,N
LP001674,Male,Yes,1,Not Graduate,No,2600,0,90,360,1,Semiurban,Y
LP001677,Male,No,2,Graduate,No,4923,0,166,360,0,Semiurban,Y
LP001682,Male,Yes,3+,Not Graduate,No,3992,0,,180,1,Urban,N
LP001688,Male,Yes,1,Not Graduate,No,3500,0,135,360,1,Urban,Y
LP001691,Male,Yes,2,Not Graduate,No,3917,0,124,360,1,Semiurban,Y
LP001692,Female,No,0,Not Graduate,No,4408,0,120,360,1,Semiurban,Y
LP001693,Female,No,0,Graduate,No,3244,0,80,360,1,Urban,Y
LP001698,Male,No,0,Not Graduate,No,3975,0,55,360,1,Rural,Y
LP001699,Male,No,0,Graduate,No,2479,0,59,360,1,Urban,Y
LP001702,Male,No,0,Graduate,No,3418,0,127,360,1,Semiurban,N
LP001708,Female,No,0,Graduate,No,10000,0,214,360,1,Semiurban,N
LP001711,Male,Yes,3+,Graduate,No,3430,0,128,360,0,Semiurban,N
LP001713,Male,Yes,1,Graduate,Yes,7787,0,240,360,1,Urban,Y
LP001715,Male,Yes,3+,Not Graduate,Yes,5703,0,130,360,1,Rural,Y
LP001716,Male,Yes,0,Graduate,No,3173,0,137,360,1,Urban,Y
LP001720,Male,Yes,3+,Not Graduate,No,3850,0,100,360,1,Semiurban,Y
LP001722,Male,Yes,0,Graduate,No,150,0,135,360,1,Rural,N
LP001726,Male,Yes,0,Graduate,No,3727,0,131,360,1,Semiurban,Y
LP001732,Male,Yes,2,Graduate,,5000,0,72,360,0,Semiurban,N
LP001734,Female,Yes,2,Graduate,No,4283,0,127,360,,Semiurban,Y
LP001736,Male,Yes,0,Graduate,No,2221,0,60,360,0,Urban,N
LP001743,Male,Yes,2,Graduate,No,4009,0,116,360,1,Semiurban,Y
LP001744,Male,No,0,Graduate,No,2971,0,144,360,1,Semiurban,Y
LP001749,Male,Yes,0,Graduate,No,7578,0,175,,1,Semiurban,Y
LP001750,Male,Yes,0,Graduate,No,6250,0,128,360,1,Semiurban,Y
LP001751,Male,Yes,0,Graduate,No,3250,0,170,360,1,Rural,N
LP001754,Male,Yes,,Not Graduate,Yes,4735,0,138,360,1,Urban,N
LP001758,Male,Yes,2,Graduate,No,6250,0,210,360,1,Semiurban,Y
LP001760,Male,,,Graduate,No,4758,0,158,480,1,Semiurban,Y
LP001761,Male,No,0,Graduate,Yes,6400,0,200,360,1,Rural,Y
LP001765,Male,Yes,1,Graduate,No,2491,0,104,360,1,Semiurban,Y
LP001768,Male,Yes,0,Graduate,,3716,0,42,180,1,Rural,Y
LP001770,Male,No,0,Not Graduate,No,3189,0,120,,1,Rural,Y
LP001776,Female,No,0,Graduate,No,8333,0,280,360,1,Semiurban,Y
LP001778,Male,Yes,1,Graduate,No,3155,0,140,360,1,Semiurban,Y
LP001784,Male,Yes,1,Graduate,No,5500,0,170,360,1,Rural,Y
LP001786,Male,Yes,0,Graduate,,5746,0,255,360,,Urban,N
LP001788,Female,No,0,Graduate,Yes,3463,0,122,360,,Urban,Y
LP001790,Female,No,1,Graduate,No,3812,0,112,360,1,Rural,Y
LP001792,Male,Yes,1,Graduate,No,3315,0,96,360,1,Semiurban,Y
LP001798,Male,Yes,2,Graduate,No,5819,0,120,360,1,Rural,Y
LP001800,Male,Yes,1,Not Graduate,No,2510,0,140,180,1,Urban,N
LP001806,Male,No,0,Graduate,No,2965,0,155,60,1,Urban,Y
LP001807,Male,Yes,2,Graduate,Yes,6250,0,108,360,1,Rural,Y
LP001811,Male,Yes,0,Not Graduate,No,3406,0,123,360,1,Semiurban,Y
LP001813,Male,No,0,Graduate,Yes,6050,0,120,180,1,Urban,N
LP001814,Male,Yes,2,Graduate,No,9703,0,112,360,1,Urban,Y
LP001819,Male,Yes,1,Not Graduate,No,6608,0,137,180,1,Urban,Y
LP001824,Male,Yes,1,Graduate,No,2882,0,123,480,1,Semiurban,Y
LP001825,Male,Yes,0,Graduate,No,1809,0,90,360,1,Urban,Y
LP001835,Male,Yes,0,Not Graduate,No,1668,0,201,360,0,Semiurban,N
LP001836,Female,No,2,Graduate,No,3427,0,138,360,1,Urban,N
LP001841,Male,No,0,Not Graduate,Yes,2583,0,104,360,1,Rural,Y
LP001843,Male,Yes,1,Not Graduate,No,2661,0,279,180,1,Semiurban,Y
LP001844,Male,No,0,Graduate,Yes,16250,0,192,360,0,Urban,N
LP001846,Female,No,3+,Graduate,No,3083,0,255,360,1,Rural,Y
LP001849,Male,No,0,Not Graduate,No,6045,0,115,360,0,Rural,N
LP001854,Male,Yes,3+,Graduate,No,5250,0,94,360,1,Urban,N
LP001859,Male,Yes,0,Graduate,No,14683,0,304,360,1,Rural,N
LP001864,Male,Yes,3+,Not Graduate,No,4931,0,128,360,,Semiurban,N
LP001865,Male,Yes,1,Graduate,No,6083,0,330,360,,Urban,Y
LP001868,Male,No,0,Graduate,No,2060,0,134,360,1,Semiurban,Y
LP001870,Female,No,1,Graduate,No,3481,0,155,36,1,Semiurban,N
LP001871,Female,No,0,Graduate,No,7200,0,120,360,1,Rural,Y
LP001872,Male,No,0,Graduate,Yes,5166,0,128,360,1,Semiurban,Y
LP001875,Male,No,0,Graduate,No,4095,0,151,360,1,Rural,Y
LP001877,Male,Yes,2,Graduate,No,4708,0,150,360,1,Semiurban,Y
LP001882,Male,Yes,3+,Graduate,No,4333,0,160,360,0,Urban,Y
LP001883,Female,No,0,Graduate,,3418,0,135,360,1,Rural,N
LP001884,Female,No,1,Graduate,No,2876,0,90,360,1,Urban,Y
LP001888,Female,No,0,Graduate,No,3237,0,30,360,1,Urban,Y
LP001891,Male,Yes,0,Graduate,No,11146,0,136,360,1,Urban,Y
LP001892,Male,No,0,Graduate,No,2833,0,126,360,1,Rural,Y
LP001894,Male,Yes,0,Graduate,No,2620,0,150,360,1,Semiurban,Y
LP001896,Male,Yes,2,Graduate,No,3900,0,90,360,1,Semiurban,Y
LP001900,Male,Yes,1,Graduate,No,2750,0,115,360,1,Semiurban,Y
LP001903,Male,Yes,0,Graduate,No,3993,0,207,360,1,Semiurban,Y
LP001904,Male,Yes,0,Graduate,No,3103,0,80,360,1,Urban,Y
LP001907,Male,Yes,0,Graduate,No,14583,0,436,360,1,Semiurban,Y
LP001908,Female,Yes,0,Not Graduate,No,4100,0,124,360,,Rural,Y
LP001910,Male,No,1,Not Graduate,Yes,4053,0,158,360,0,Urban,N
LP001914,Male,Yes,0,Graduate,No,3927,0,112,360,1,Semiurban,Y
LP001915,Male,Yes,2,Graduate,No,2301,0,78,180,1,Urban,Y
LP001917,Female,No,0,Graduate,No,1811,0,54,360,1,Urban,Y
LP001922,Male,Yes,0,Graduate,No,20667,0,,360,1,Rural,N
LP001924,Male,No,0,Graduate,No,3158,0,89,360,1,Rural,Y
LP001925,Female,No,0,Graduate,Yes,2600,0,99,300,1,Semiurban,N
LP001926,Male,Yes,0,Graduate,No,3704,0,120,360,1,Rural,Y
LP001931,Female,No,0,Graduate,No,4124,0,115,360,1,Semiurban,Y
LP001935,Male,No,0,Graduate,No,9508,0,187,360,1,Rural,Y
LP001936,Male,Yes,0,Graduate,No,3075,0,139,360,1,Rural,Y
LP001938,Male,Yes,2,Graduate,No,4400,0,127,360,0,Semiurban,N
LP001940,Male,Yes,2,Graduate,No,3153,0,134,360,1,Urban,Y
LP001945,Female,No,,Graduate,No,5417,0,143,480,0,Urban,N
LP001947,Male,Yes,0,Graduate,No,2383,0,172,360,1,Semiurban,Y
LP001949,Male,Yes,3+,Graduate,,4416,0,110,360,1,Urban,Y
LP001953,Male,Yes,1,Graduate,No,6875,0,200,360,1,Semiurban,Y
LP001954,Female,Yes,1,Graduate,No,4666,0,135,360,1,Urban,Y
LP001955,Female,No,0,Graduate,No,5000,0,151,480,1,Rural,N
LP001963,Male,Yes,1,Graduate,No,2014,0,113,360,1,Urban,N
LP001964,Male,Yes,0,Not Graduate,No,1800,0,93,360,0,Urban,N
LP001972,Male,Yes,,Not Graduate,No,2875,0,105,360,1,Semiurban,Y
LP001974,Female,No,0,Graduate,No,5000,0,132,360,1,Rural,Y
LP001977,Male,Yes,1,Graduate,No,1625,0,96,360,1,Urban,Y
LP001978,Male,No,0,Graduate,No,4000,0,140,360,1,Rural,Y
LP001990,Male,No,0,Not Graduate,No,2000,0,,360,1,Urban,N
LP001993,Female,No,0,Graduate,No,3762,0,135,360,1,Rural,Y
LP001994,Female,No,0,Graduate,No,2400,0,104,360,0,Urban,N
LP001996,Male,No,0,Graduate,No,20233,0,480,360,1,Rural,N
LP001998,Male,Yes,2,Not Graduate,No,7667,0,185,360,,Rural,Y
LP002002,Female,No,0,Graduate,No,2917,0,84,360,1,Semiurban,Y
LP002004,Male,No,0,Not Graduate,No,2927,0,111,360,1,Semiurban,Y
LP002006,Female,No,0,Graduate,No,2507,0,56,360,1,Rural,Y
LP002008,Male,Yes,2,Graduate,Yes,5746,0,144,84,,Rural,Y
LP002024,,Yes,0,Graduate,No,2473,0,159,360,1,Rural,N
LP002031,Male,Yes,1,Not Graduate,No,3399,0,111,180,1,Urban,Y
LP002035,Male,Yes,2,Graduate,No,3717,0,120,360,1,Semiurban,Y
LP002036,Male,Yes,0,Graduate,No,2058,0,88,360,,Urban,Y
LP002043,Female,No,1,Graduate,No,3541,0,112,360,,Semiurban,Y
LP002050,Male,Yes,1,Graduate,Yes,10000,0,155,360,1,Rural,N
LP002051,Male,Yes,0,Graduate,No,2400,0,115,360,1,Semiurban,Y
LP002053,Male,Yes,3+,Graduate,No,4342,0,124,360,1,Semiurban,Y
LP002054,Male,Yes,2,Not Graduate,No,3601,0,,360,1,Rural,Y
LP002055,Female,No,0,Graduate,No,3166,0,132,360,,Rural,Y
LP002065,Male,Yes,3+,Graduate,No,15000,0,300,360,1,Rural,Y
LP002067,Male,Yes,1,Graduate,Yes,8666,0,376,360,0,Rural,N
LP002068,Male,No,0,Graduate,No,4917,0,130,360,0,Rural,Y
LP002082,Male,Yes,0,Graduate,Yes,5818,0,184,360,1,Semiurban,Y
LP002086,Female,Yes,0,Graduate,No,4333,0,110,360,1,Urban,N
LP002087,Female,No,0,Graduate,No,2500,0,67,360,1,Urban,Y
LP002097,Male,No,1,Graduate,No,4384,0,117,360,1,Urban,Y
LP002098,Male,No,0,Graduate,No,2935,0,98,360,1,Semiurban,Y
LP002100,Male,No,,Graduate,No,2833,0,71,360,1,Urban,Y
LP002101,Male,Yes,0,Graduate,,63337,0,490,180,1,Urban,Y
LP002103,,Yes,1,Graduate,Yes,9833,0,182,180,1,Urban,Y
LP002106,Male,Yes,,Graduate,Yes,5503,0,70,,1,Semiurban,Y
LP002110,Male,Yes,1,Graduate,,5250,0,160,360,1,Rural,Y
LP002112,Male,Yes,2,Graduate,Yes,2500,0,176,360,1,Rural,Y
LP002113,Female,No,3+,Not Graduate,No,1830,0,,360,0,Urban,N
LP002114,Female,No,0,Graduate,No,4160,0,71,360,1,Semiurban,Y
LP002115,Male,Yes,3+,Not Graduate,No,2647,0,173,360,1,Rural,N
LP002116,Female,No,0,Graduate,No,2378,0,46,360,1,Rural,N
LP002119,Male,Yes,1,Not Graduate,No,4554,0,158,360,1,Urban,Y
LP002126,Male,Yes,3+,Not Graduate,No,3173,0,74,360,1,Semiurban,Y
LP002128,Male,Yes,2,Graduate,,2583,0,125,360,1,Rural,Y
LP002129,Male,Yes,0,Graduate,No,2499,0,160,360,1,Semiurban,Y
LP002130,Male,Yes,,Not Graduate,No,3523,0,152,360,0,Rural,N
LP002131,Male,Yes,2,Not Graduate,No,3083,0,126,360,1,Urban,Y
LP002137,Male,Yes,0,Graduate,No,6333,0,259,360,,Semiurban,Y
LP002138,Male,Yes,0,Graduate,No,2625,0,187,360,1,Rural,Y
LP002139,Male,Yes,0,Graduate,No,9083,0,228,360,1,Semiurban,Y
LP002140,Male,No,0,Graduate,No,8750,0,308,360,1,Rural,N
LP002141,Male,Yes,3+,Graduate,No,2666,0,95,360,1,Rural,Y
LP002142,Female,Yes,0,Graduate,Yes,5500,0,105,360,0,Rural,N
LP002143,Female,Yes,0,Graduate,No,2423,0,130,360,1,Semiurban,Y
LP002144,Female,No,,Graduate,No,3813,0,116,180,1,Urban,Y
LP002149,Male,Yes,2,Graduate,No,8333,0,165,360,1,Rural,Y
LP002151,Male,Yes,1,Graduate,No,3875,0,67,360,1,Urban,N
LP002158,Male,Yes,0,Not Graduate,No,3000,0,100,480,0,Urban,N
LP002160,Male,Yes,3+,Graduate,No,5167,0,200,360,1,Semiurban,Y
LP002161,Female,No,1,Graduate,No,4723,0,81,360,1,Semiurban,N
LP002170,Male,Yes,2,Graduate,No,5000,0,236,360,1,Semiurban,Y
LP002175,Male,Yes,0,Graduate,No,4750,0,130,360,1,Urban,Y
LP002178,Male,Yes,0,Graduate,No,3013,0,95,300,,Urban,Y
LP002180,Male,No,0,Graduate,Yes,6822,0,141,360,1,Rural,Y
LP002181,Male,No,0,Not Graduate,No,6216,0,133,360,1,Rural,N
LP002187,Male,No,0,Graduate,No,2500,0,96,480,1,Semiurban,N
LP002188,Male,No,0,Graduate,No,5124,0,124,,0,Rural,N
LP002190,Male,Yes,1,Graduate,No,6325,0,175,360,1,Semiurban,Y
LP002191,Male,Yes,0,Graduate,No,19730,0,570,360,1,Rural,N
LP002194,Female,No,0,Graduate,Yes,15759,0,55,360,1,Semiurban,Y
LP002197,Male,Yes,2,Graduate,No,5185,0,155,360,1,Semiurban,Y
LP002201,Male,Yes,2,Graduate,Yes,9323,0,380,300,1,Rural,Y
LP002205,Male,No,1,Graduate,No,3062,0,111,180,0,Urban,N
LP002209,Female,No,0,Graduate,,2764,0,110,360,1,Urban,Y
LP002211,Male,Yes,0,Graduate,No,4817,0,120,180,1,Urban,Y
LP002219,Male,Yes,3+,Graduate,No,8750,0,130,360,1,Rural,Y
LP002223,Male,Yes,0,Graduate,No,4310,0,130,360,,Semiurban,Y
LP002224,Male,No,0,Graduate,No,3069,0,71,480,1,Urban,N
LP002225,Male,Yes,2,Graduate,No,5391,0,130,360,1,Urban,Y
LP002226,Male,Yes,0,Graduate,,3333,0,128,360,1,Semiurban,Y
LP002229,Male,No,0,Graduate,No,5941,0,296,360,1,Semiurban,Y
LP002231,Female,No,0,Graduate,No,6000,0,156,360,1,Urban,Y
LP002234,Male,No,0,Graduate,Yes,7167,0,128,360,1,Urban,Y
LP002236,Male,Yes,2,Graduate,No,4566,0,100,360,1,Urban,N
LP002237,Male,No,1,Graduate,,3667,0,113,180,1,Urban,Y
LP002239,Male,No,0,Not Graduate,No,2346,0,132,360,1,Semiurban,Y
LP002243,Male,Yes,0,Not Graduate,No,3010,0,,360,0,Urban,N
LP002244,Male,Yes,0,Graduate,No,2333,0,136,360,1,Urban,Y
LP002250,Male,Yes,0,Graduate,No,5488,0,125,360,1,Rural,Y
LP002255,Male,No,3+,Graduate,No,9167,0,185,360,1,Rural,Y
LP002262,Male,Yes,3+,Graduate,No,9504,0,275,360,1,Rural,Y
LP002263,Male,Yes,0,Graduate,No,2583,0,120,360,,Urban,Y
LP002265,Male,Yes,2,Not Graduate,No,1993,0,113,180,1,Semiurban,Y
LP002266,Male,Yes,2,Graduate,No,3100,0,113,360,1,Urban,Y
LP002272,Male,Yes,2,Graduate,No,3276,0,135,360,,Semiurban,Y
LP002277,Female,No,0,Graduate,No,3180,0,71,360,0,Urban,N
LP002281,Male,Yes,0,Graduate,No,3033,0,95,360,1,Urban,Y
LP002284,Male,No,0,Not Graduate,No,3902,0,109,360,1,Rural,Y
LP002287,Female,No,0,Graduate,No,1500,0,103,360,0,Semiurban,N
LP002288,Male,Yes,2,Not Graduate,No,2889,0,45,180,0,Urban,N
LP002296,Male,No,0,Not Graduate,No,2755,0,65,300,1,Rural,N
LP002297,Male,No,0,Graduate,No,2500,0,103,360,1,Semiurban,Y
LP002300,Female,No,0,Not Graduate,No,1963,0,53,360,1,Semiurban,Y
LP002301,Female,No,0,Graduate,Yes,7441,0,194,360,1,Rural,N
LP002305,Female,No,0,Graduate,No,4547,0,115,360,1,Semiurban,Y
LP002308,Male,Yes,0,Not Graduate,No,2167,0,115,360,1,Urban,Y
LP002314,Female,No,0,Not Graduate,No,2213,0,66,360,1,Rural,Y
LP002315,Male,Yes,1,Graduate,No,8300,0,152,300,0,Semiurban,N
LP002317,Male,Yes,3+,Graduate,No,81000,0,360,360,0,Rural,N
LP002318,Female,No,1,Not Graduate,Yes,3867,0,62,360,1,Semiurban,N
LP002319,Male,Yes,0,Graduate,,6256,0,160,360,,Urban,Y
LP002328,Male,Yes,0,Not Graduate,No,6096,0,218,360,0,Rural,N
LP002332,Male,Yes,0,Not Graduate,No,2253,0,110,360,1,Rural,Y
LP002335,Female,Yes,0,Not Graduate,No,2149,0,178,360,0,Semiurban,N
LP002337,Female,No,0,Graduate,No,2995,0,60,360,1,Urban,Y
LP002341,Female,No,1,Graduate,No,2600,0,160,360,1,Urban,N
LP002342,Male,Yes,2,Graduate,Yes,1600,0,239,360,1,Urban,N
LP002345,Male,Yes,0,Graduate,No,1025,0,112,360,1,Rural,Y
LP002347,Male,Yes,0,Graduate,No,3246,0,138,360,1,Semiurban,Y
LP002348,Male,Yes,0,Graduate,No,5829,0,138,360,1,Rural,Y
LP002357,Female,No,0,Not Graduate,No,2720,0,80,,0,Urban,N
LP002361,Male,Yes,0,Graduate,No,1820,0,100,360,1,Urban,Y
LP002362,Male,Yes,1,Graduate,No,7250,0,110,,0,Urban,N
LP002364,Male,Yes,0,Graduate,No,14880,0,96,360,1,Semiurban,Y
LP002366,Male,Yes,0,Graduate,No,2666,0,121,360,1,Rural,Y
LP002367,Female,No,1,Not Graduate,No,4606,0,81,360,1,Rural,N
LP002368,Male,Yes,2,Graduate,No,5935,0,133,360,1,Semiurban,Y
LP002369,Male,Yes,0,Graduate,No,2920,0,87,360,1,Rural,Y
LP002370,Male,No,0,Not Graduate,No,2717,0,60,180,1,Urban,Y
LP002377,Female,No,1,Graduate,Yes,8624,0,150,360,1,Semiurban,Y
LP002379,Male,No,0,Graduate,No,6500,0,105,360,0,Rural,N
LP002386,Male,No,0,Graduate,,12876,0,405,360,1,Semiurban,Y
LP002387,Male,Yes,0,Graduate,No,2425,0,143,360,1,Semiurban,Y
LP002390,Male,No,0,Graduate,No,3750,0,100,360,1,Urban,Y
LP002393,Female,,,Graduate,No,10047,0,,240,1,Semiurban,Y
LP002398,Male,No,0,Graduate,No,1926,0,50,360,1,Semiurban,Y
LP002401,Male,Yes,0,Graduate,No,2213,0,,360,1,Urban,Y
LP002403,Male,No,0,Graduate,Yes,10416,0,187,360,0,Urban,N
LP002407,Female,Yes,0,Not Graduate,Yes,7142,0,138,360,1,Rural,Y
LP002408,Male,No,0,Graduate,No,3660,0,187,360,1,Semiurban,Y
LP002409,Male,Yes,0,Graduate,No,7901,0,180,360,1,Rural,Y
LP002418,Male,No,3+,Not Graduate,No,4707,0,148,360,1,Semiurban,Y
LP002422,Male,No,1,Graduate,No,37719,0,152,360,1,Semiurban,Y
LP002424,Male,Yes,0,Graduate,No,7333,0,175,300,,Rural,Y
LP002429,Male,Yes,1,Graduate,Yes,3466,0,130,360,1,Rural,Y
LP002434,Male,Yes,2,Not Graduate,No,4652,0,110,360,1,Rural,Y
LP002435,Male,Yes,0,Graduate,,3539,0,55,360,1,Rural,N
LP002443,Male,Yes,2,Graduate,No,3340,0,150,360,0,Rural,N
LP002444,Male,No,1,Not Graduate,Yes,2769,0,190,360,,Semiurban,N
LP002446,Male,Yes,2,Not Graduate,No,2309,0,125,360,0,Rural,N
LP002447,Male,Yes,2,Not Graduate,No,1958,0,60,300,,Urban,Y
LP002448,Male,Yes,0,Graduate,No,3948,0,149,360,0,Rural,N
LP002449,Male,Yes,0,Graduate,No,2483,0,90,180,0,Rural,Y
LP002453,Male,No,0,Graduate,Yes,7085,0,84,360,1,Semiurban,Y
LP002455,Male,Yes,2,Graduate,No,3859,0,96,360,1,Semiurban,Y
LP002459,Male,Yes,0,Graduate,No,4301,0,118,360,1,Urban,Y
LP002467,Male,Yes,0,Graduate,No,3708,0,173,360,1,Urban,N
LP002472,Male,No,2,Graduate,No,4354,0,136,360,1,Rural,Y
LP002473,Male,Yes,0,Graduate,No,8334,0,160,360,1,Semiurban,N
LP002478,,Yes,0,Graduate,Yes,2083,0,160,360,,Semiurban,Y
LP002484,Male,Yes,3+,Graduate,No,7740,0,128,180,1,Urban,Y
LP002487,Male,Yes,0,Graduate,No,3015,0,153,360,1,Rural,Y
LP002489,Female,No,1,Not Graduate,,5191,0,132,360,1,Semiurban,Y
LP002493,Male,No,0,Graduate,No,4166,0,98,360,0,Semiurban,N
LP002494,Male,No,0,Graduate,No,6000,0,140,360,1,Rural,Y
LP002500,Male,Yes,3+,Not Graduate,No,2947,0,70,180,0,Urban,N
LP002501,,Yes,0,Graduate,No,16692,0,110,360,1,Semiurban,Y
LP002502,Female,Yes,2,Not Graduate,,210,0,98,360,1,Semiurban,Y
LP002505,Male,Yes,0,Graduate,No,4333,0,110,360,1,Urban,N
LP002515,Male,Yes,1,Graduate,Yes,3450,0,162,360,1,Semiurban,Y
LP002517,Male,Yes,1,Not Graduate,No,2653,0,113,180,0,Rural,N
LP002519,Male,Yes,3+,Graduate,No,4691,0,100,360,1,Semiurban,Y
LP002522,Female,No,0,Graduate,Yes,2500,0,93,360,,Urban,Y
LP002524,Male,No,2,Graduate,No,5532,0,162,360,1,Rural,Y
LP002527,Male,Yes,2,Graduate,Yes,16525,0,150,360,1,Rural,Y
LP002529,Male,Yes,2,Graduate,No,6700,0,230,300,1,Semiurban,Y
LP002530,,Yes,2,Graduate,No,2873,0,132,360,0,Semiurban,N
LP002531,Male,Yes,1,Graduate,Yes,16667,0,86,360,1,Semiurban,Y
LP002533,Male,Yes,2,Graduate,No,2947,0,,360,1,Urban,N
LP002534,Female,No,0,Not Graduate,No,4350,0,154,360,1,Rural,Y
LP002536,Male,Yes,3+,Not Graduate,No,3095,0,113,360,1,Rural,Y
LP002537,Male,Yes,0,Graduate,No,2083,0,128,360,1,Semiurban,Y
LP002541,Male,Yes,0,Graduate,No,10833,0,234,360,1,Semiurban,Y
LP002543,Male,Yes,2,Graduate,No,8333,0,246,360,1,Semiurban,Y
LP002544,Male,Yes,1,Not Graduate,No,1958,0,131,360,1,Rural,Y
LP002545,Male,No,2,Graduate,No,3547,0,80,360,0,Rural,N
LP002547,Male,Yes,1,Graduate,No,18333,0,500,360,1,Urban,N
LP002555,Male,Yes,2,Graduate,Yes,4583,0,160,360,1,Semiurban,Y
LP002556,Male,No,0,Graduate,No,2435,0,75,360,1,Urban,N
LP002560,Male,No,0,Not Graduate,No,2699,0,96,360,,Semiurban,Y
LP002562,Male,Yes,1,Not Graduate,No,5333,0,186,360,,Urban,Y
LP002571,Male,No,0,Not Graduate,No,3691,0,110,360,1,Rural,Y
LP002582,Female,No,0,Not Graduate,Yes,17263,0,225,360,1,Semiurban,Y
LP002585,Male,Yes,0,Graduate,No,3597,0,119,360,0,Rural,N
LP002586,Female,Yes,1,Graduate,No,3326,0,105,84,1,Semiurban,Y
LP002587,Male,Yes,0,Not Graduate,No,2600,0,107,360,1,Rural,Y
LP002588,Male,Yes,0,Graduate,No,4625,0,111,12,,Urban,Y
LP002600,Male,Yes,1,Graduate,Yes,2895,0,95,360,1,Semiurban,Y
LP002602,Male,No,0,Graduate,No,6283,0,209,360,0,Rural,N
LP002603,Female,No,0,Graduate,No,645,0,113,480,1,Rural,Y
LP002606,Female,No,0,Graduate,No,3159,0,100,360,1,Semiurban,Y
LP002615,Male,Yes,2,Graduate,No,4865,0,208,360,1,Semiurban,Y
LP002618,Male,Yes,1,Not Graduate,No,4050,0,138,360,,Rural,N
LP002619,Male,Yes,0,Not Graduate,No,3814,0,124,300,1,Semiurban,Y
LP002622,Male,Yes,2,Graduate,No,3510,0,243,360,1,Rural,Y
LP002624,Male,Yes,0,Graduate,No,20833,0,480,360,,Urban,Y
LP002625,,No,0,Graduate,No,3583,0,96,360,1,Urban,N
LP002626,Male,Yes,0,Graduate,Yes,2479,0,188,360,1,Urban,Y
LP002634,Female,No,1,Graduate,No,13262,0,40,360,1,Urban,Y
LP002637,Male,No,0,Not Graduate,No,3598,0,100,360,1,Rural,N
LP002640,Male,Yes,1,Graduate,No,6065,0,250,360,1,Semiurban,Y
LP002643,Male,Yes,2,Graduate,No,3283,0,148,360,1,Urban,Y
LP002648,Male,Yes,0,Graduate,No,2130,0,70,180,1,Semiurban,N
LP002652,Male,No,0,Graduate,No,5815,0,311,360,1,Rural,N
LP002659,Male,Yes,3+,Graduate,No,3466,0,150,360,1,Rural,Y
LP002670,Female,Yes,2,Graduate,No,2031,0,113,480,1,Semiurban,Y
LP002682,Male,Yes,,Not Graduate,No,3074,0,123,360,0,Semiurban,N
LP002683,Male,No,0,Graduate,No,4683,0,185,360,1,Semiurban,N
LP002684,Female,No,0,Not Graduate,No,3400,0,95,360,1,Rural,N
LP002689,Male,Yes,2,Not Graduate,No,2192,0,45,360,1,Semiurban,Y
LP002690,Male,No,0,Graduate,No,2500,0,55,360,1,Semiurban,Y
LP002692,Male,Yes,3+,Graduate,Yes,5677,0,100,360,1,Rural,Y
LP002693,Male,Yes,2,Graduate,Yes,7948,0,480,360,1,Rural,Y
LP002697,Male,No,0,Graduate,No,4680,0,,360,1,Semiurban,N
LP002699,Male,Yes,2,Graduate,Yes,17500,0,400,360,1,Rural,Y
LP002705,Male,Yes,0,Graduate,No,3775,0,110,360,1,Semiurban,Y
LP002706,Male,Yes,1,Not Graduate,No,5285,0,161,360,0,Semiurban,Y
LP002714,Male,No,1,Not Graduate,No,2679,0,94,360,1,Semiurban,Y
LP002716,Male,No,0,Not Graduate,No,6783,0,130,360,1,Semiurban,Y
LP002717,Male,Yes,0,Graduate,No,1025,0,216,360,,Rural,Y
LP002720,Male,Yes,3+,Graduate,No,4281,0,100,360,1,Urban,Y
LP002723,Male,No,2,Graduate,No,3588,0,110,360,0,Rural,N
LP002729,Male,No,1,Graduate,No,11250,0,196,360,,Semiurban,N
LP002731,Female,No,0,Not Graduate,Yes,18165,0,125,360,1,Urban,Y
LP002732,Male,No,0,Not Graduate,,2550,0,126,360,1,Rural,Y
LP002734,Male,Yes,0,Graduate,No,6133,0,324,360,1,Urban,Y
LP002738,Male,No,2,Graduate,No,3617,0,107,360,1,Semiurban,Y
LP002739,Male,Yes,0,Not Graduate,No,2917,0,66,360,1,Rural,N
LP002740,Male,Yes,3+,Graduate,No,6417,0,157,180,1,Rural,Y
LP002741,Female,Yes,1,Graduate,No,4608,0,140,180,1,Semiurban,Y
LP002743,Female,No,0,Graduate,No,2138,0,99,360,0,Semiurban,N
LP002753,Female,No,1,Graduate,,3652,0,95,360,1,Semiurban,Y
LP002755,Male,Yes,1,Not Graduate,No,2239,0,128,360,1,Urban,Y
LP002757,Female,Yes,0,Not Graduate,No,3017,0,102,360,,Semiurban,Y
LP002767,Male,Yes,0,Graduate,No,2768,0,155,360,1,Rural,Y
LP002768,Male,No,0,Not Graduate,No,3358,0,80,36,1,Semiurban,N
LP002772,Male,No,0,Graduate,No,2526,0,145,360,1,Rural,Y
LP002776,Female,No,0,Graduate,No,5000,0,103,360,0,Semiurban,N
LP002777,Male,Yes,0,Graduate,No,2785,0,110,360,1,Rural,Y
LP002778,Male,Yes,2,Graduate,Yes,6633,0,,360,0,Rural,N
LP002784,Male,Yes,1,Not Graduate,No,2492,0,,360,1,Rural,Y
LP002785,Male,Yes,1,Graduate,No,3333,0,158,360,1,Urban,Y
LP002788,Male,Yes,0,Not Graduate,No,2454,0,181,360,0,Urban,N
LP002789,Male,Yes,0,Graduate,No,3593,0,132,180,0,Rural,N
LP002792,Male,Yes,1,Graduate,No,5468,0,26,360,1,Semiurban,Y
LP002794,Female,No,0,Graduate,No,2667,0,84,360,,Urban,Y
LP002795,Male,Yes,3+,Graduate,Yes,10139,0,260,360,1,Semiurban,Y
LP002798,Male,Yes,0,Graduate,No,3887,0,162,360,1,Semiurban,Y
LP002804,Female,Yes,0,Graduate,No,4180,0,182,360,1,Semiurban,Y
LP002807,Male,Yes,2,Not Graduate,No,3675,0,108,360,1,Semiurban,Y
LP002813,Female,Yes,1,Graduate,Yes,19484,0,600,360,1,Semiurban,Y
LP002820,Male,Yes,0,Graduate,No,5923,0,211,360,1,Rural,Y
LP002821,Male,No,0,Not Graduate,Yes,5800,0,132,360,1,Semiurban,Y
LP002832,Male,Yes,2,Graduate,No,8799,0,258,360,0,Urban,N
LP002833,Male,Yes,0,Not Graduate,No,4467,0,120,360,,Rural,Y
LP002836,Male,No,0,Graduate,No,3333,0,70,360,1,Urban,Y
LP002837,Male,Yes,3+,Graduate,No,3400,0,123,360,0,Rural,N
LP002840,Female,No,0,Graduate,No,2378,0,19,360,1,Urban,N
LP002841,Male,Yes,0,Graduate,No,3166,0,104,360,0,Urban,N
LP002842,Male,Yes,1,Graduate,No,3417,0,186,360,1,Urban,Y
LP002847,Male,Yes,,Graduate,No,5116,0,165,360,0,Urban,N
LP002855,Male,Yes,2,Graduate,No,16666,0,275,360,1,Urban,Y
LP002862,Male,Yes,2,Not Graduate,No,6125,0,187,480,1,Semiurban,N
LP002863,Male,Yes,3+,Graduate,No,6406,0,150,360,1,Semiurban,N
LP002868,Male,Yes,2,Graduate,No,3159,0,108,84,1,Urban,Y
LP002872,,Yes,0,Graduate,No,3087,0,136,360,0,Semiurban,N
LP002874,Male,No,0,Graduate,No,3229,0,110,360,1,Urban,Y
LP002877,Male,Yes,1,Graduate,No,1782,0,107,360,1,Rural,Y
LP002888,Male,No,0,Graduate,,3182,0,161,360,1,Urban,Y
LP002892,Male,Yes,2,Graduate,No,6540,0,205,360,1,Semiurban,Y
LP002893,Male,No,0,Graduate,No,1836,0,90,360,1,Urban,N
LP002894,Female,Yes,0,Graduate,No,3166,0,46,360,1,Semiurban,Y
LP002898,Male,Yes,1,Graduate,No,1880,0,61,360,,Rural,N
LP002911,Male,Yes,1,Graduate,No,2787,0,146,360,0,Rural,N
LP002912,Male,Yes,1,Graduate,No,4283,0,172,84,1,Rural,N
LP002916,Male,Yes,0,Graduate,No,2297,0,104,360,1,Urban,Y
LP002917,Female,No,0,Not Graduate,No,2165,0,70,360,1,Semiurban,Y
LP002925,,No,0,Graduate,No,4750,0,94,360,1,Semiurban,Y
LP002926,Male,Yes,2,Graduate,Yes,2726,0,106,360,0,Semiurban,N
LP002928,Male,Yes,0,Graduate,No,3000,0,56,180,1,Semiurban,Y
LP002931,Male,Yes,2,Graduate,Yes,6000,0,205,240,1,Semiurban,N
LP002933,,No,3+,Graduate,Yes,9357,0,292,360,1,Semiurban,Y
LP002936,Male,Yes,0,Graduate,No,3859,0,142,180,1,Rural,Y
LP002938,Male,Yes,0,Graduate,Yes,16120,0,260,360,1,Urban,Y
LP002940,Male,No,0,Not Graduate,No,3833,0,110,360,1,Rural,Y
LP002941,Male,Yes,2,Not Graduate,Yes,6383,0,187,360,1,Rural,N
LP002943,Male,No,,Graduate,No,2987,0,88,360,0,Semiurban,N
LP002945,Male,Yes,0,Graduate,Yes,9963,0,180,360,1,Rural,Y
LP002948,Male,Yes,2,Graduate,No,5780,0,192,360,1,Urban,Y
LP002949,Female,No,3+,Graduate,,416,0,350,180,,Urban,N
LP002950,Male,Yes,0,Not Graduate,,2894,0,155,360,1,Rural,Y
LP002953,Male,Yes,3+,Graduate,No,5703,0,128,360,1,Urban,Y
LP002958,Male,No,0,Graduate,No,3676,0,172,360,1,Rural,Y
LP002959,Female,Yes,1,Graduate,No,12000,0,496,360,1,Semiurban,Y
LP002960,Male,Yes,0,Not Graduate,No,2400,0,,180,1,Urban,N
LP002961,Male,Yes,1,Graduate,No,3400,0,173,360,1,Semiurban,Y
LP002964,Male,Yes,2,Not Graduate,No,3987,0,157,360,1,Rural,Y
LP002974,Male,Yes,0,Graduate,No,3232,0,108,360,1,Rural,Y
LP002978,Female,No,0,Graduate,No,2900,0,71,360,1,Rural,Y
LP002979,Male,Yes,3+,Graduate,No,4106,0,40,180,1,Rural,Y
LP002983,Male,Yes,1,Graduate,No,8072,0,253,360,1,Urban,Y
LP002984,Male,Yes,2,Graduate,No,7583,0,187,360,1,Urban,Y
LP002990,Female,No,0,Graduate,Yes,4583,0,133,360,0,Semiurban,N
LP002992,Male,Yes,0,Not Graduate,No,2400,0,,180,1,Urban,N
LP002994,Male,Yes,1,Graduate,No,3400,0,173,360,1,Semiurban,Y
LP002996,Male,Yes,2,Not Graduate,No,3987,0,157,360,1,Rural,Y
LP002998,Male,Yes,0,Graduate,No,3232,0,108,360,1,Rural,Y
LP003000,Female,No,0,Graduate,No,2900,0,71,360,1,Rural,Y
LP003001,Male,Yes,3+,Graduate,No,4106,0,40,180,1,Rural,Y
LP003002,Male,Yes,1,Graduate,No,8072,0,253,360,1,Urban,Y
LP003003,Male,Yes,2,Graduate,No,7583,0,187,360,1,Urban,Y
LP003004,Female,No,0,Graduate,Yes,4583,0,133,360,0,Semiurban,N
LP003005,Male,No,0,Not Graduate,,7333,0,120,360,1,Rural,N
LP003006,Male,Yes,2,Graduate,No,3800,0,216,360,0,Urban,N
LP003007,Male,Yes,3+,Not Graduate,No,2071,0,94,480,1,Semiurban,Y
LP003008,Male,No,0,Graduate,No,5316,0,136,360,1,Urban,Y
LP003009,Male,No,0,Not Graduate,No,3598,0,100,360,1,Rural,N
LP003010,Male,Yes,1,Graduate,No,6065,0,250,360,1,Semiurban,Y
LP003011,Male,Yes,2,Graduate,No,3283,0,148,360,1,Urban,Y
LP003012,Male,Yes,0,Graduate,No,2130,0,70,180,1,Semiurban,N
LP003013,Male,No,0,Graduate,No,5815,0,311,360,1,Rural,N
LP003014,Male,Yes,3+,Graduate,No,3466,0,150,360,1,Rural,Y
LP003015,Female,Yes,2,Graduate,No,2031,0,113,480,1,Semiurban,Y
LP003016,Male,Yes,,Not Graduate,No,3074,0,123,360,0,Semiurban,N
LP003017,Male,No,0,Graduate,No,4683,0,185,360,1,Semiurban,N
LP003018,Female,No,0,Not Graduate,No,3400,0,95,360,1,Rural,N
LP003019,Male,Yes,2,Not Graduate,No,2192,0,45,360,1,Semiurban,Y
LP003020,Male,No,0,Graduate,No,2500,0,55,360,1,Semiurban,Y
LP003021,Male,Yes,3+,Graduate,Yes,5677,0,100,360,1,Rural,Y
LP003022,Male,Yes,2,Graduate,Yes,7948,0,480,360,1,Rural,Y
LP003023,Male,No,0,Graduate,No,4680,0,,360,1,Semiurban,N
LP003024,Male,Yes,2,Graduate,Yes,17500,0,400,360,1,Rural,Y
LP003025,Male,Yes,0,Graduate,No,3775,0,110,360,1,Semiurban,Y
LP003026,Male,Yes,1,Not Graduate,No,5285,0,161,360,0,Semiurban,Y
LP003027,Male,No,1,Not Graduate,No,2679,0,94,360,1,Semiurban,Y
LP003028,Male,No,0,Not Graduate,No,6783,0,130,360,1,Semiurban,Y
LP003029,Male,Yes,0,Graduate,No,1025,0,216,360,,Rural,Y
LP003030,Male,Yes,3+,Graduate,No,4281,0,100,360,1,Urban,Y
LP003031,Male,No,2,Graduate,No,3588,0,110,360,0,Rural,N
LP003032,Male,No,1,Graduate,No,11250,0,196,360,,Semiurban,N
LP003033,Female,No,0,Not Graduate,Yes,18165,0,125,360,1,Urban,Y
LP003034,Male,No,0,Not Graduate,,2550,0,126,360,1,Rural,Y
LP003035,Male,Yes,0,Graduate,No,6133,0,324,360,1,Urban,Y
LP003036,Male,No,2,Graduate,No,3617,0,107,360,1,Semiurban,Y
LP003037,Male,Yes,0,Not Graduate,No,2917,0,66,360,1,Rural,N
LP003038,Male,Yes,3+,Graduate,No,6417,0,157,180,1,Rural,Y
LP003039,Female,Yes,1,Graduate,No,4608,0,140,180,1,Semiurban,Y
LP003040,Female,No,0,Graduate,No,2138,0,99,360,0,Semiurban,N
LP003041,Female,No,1,Graduate,,3652,0,95,360,1,Semiurban,Y
LP003042,Male,Yes,1,Not Graduate,No,2239,0,128,360,1,Urban,Y
LP003043,Female,Yes,0,Not Graduate,No,3017,0,102,360,,Semiurban,Y
LP003044,Male,Yes,0,Graduate,No,2768,0,155,360,1,Rural,Y
LP003045,Male,No,0,Not Graduate,No,3358,0,90,36,1,Semiurban,N
LP003046,Male,No,0,Graduate,No,2526,0,145,360,1,Rural,Y
LP003047,Female,No,0,Graduate,No,5000,0,103,360,0,Semiurban,N
LP003048,Male,Yes,0,Graduate,No,2785,0,110,360,1,Rural,Y
LP003049,Male,Yes,2,Graduate,Yes,6633,0,,360,0,Rural,N
LP003050,Male,Yes,1,Not Graduate,No,2492,0,,360,1,Rural,Y
LP003051,Male,Yes,1,Graduate,No,3333,0,158,360,1,Urban,Y
LP003052,Male,Yes,0,Not Graduate,No,2454,0,181,360,0,Urban,N
LP003053,Male,Yes,0,Graduate,No,3593,0,132,180,0,Rural,N
LP003054,Male,Yes,1,Graduate,No,5468,0,26,360,1,Semiurban,Y
LP003055,Female,No,0,Graduate,No,2667,0,90,360,,Urban,Y
LP003056,Male,Yes,3+,Graduate,Yes,10139,0,260,360,1,Semiurban,Y
LP003057,Male,Yes,0,Graduate,No,3887,0,162,360,1,Semiurban,Y
LP003058,Female,Yes,0,Graduate,No,4180,0,180,360,1,Semiurban,Y
LP003059,Male,Yes,2,Not Graduate,No,3675,0,108,360,1,Semiurban,Y
LP003060,Female,Yes,1,Graduate,Yes,19484,0,600,360,1,Semiurban,Y
LP003061,Male,Yes,0,Graduate,No,5923,0,211,360,1,Rural,Y
LP003062,Male,No,0,Not Graduate,Yes,5800,0,132,360,1,Semiurban,Y
LP003063,Male,Yes,2,Graduate,No,8799,0,258,360,0,Urban,N
LP003064,Male,Yes,0,Not Graduate,No,4467,0,120,360,,Rural,Y
LP003065,Male,No,0,Graduate,No,3333,0,70,360,1,Urban,Y
LP003066,Male,Yes,3+,Graduate,No,3400,0,123,360,0,Rural,N
LP003067,Female,No,0,Graduate,No,2378,0,9,360,1,Urban,N
LP003068,Male,Yes,0,Graduate,No,3166,0,104,360,0,Urban,N
LP003069,Male,Yes,1,Graduate,No,3417,0,186,360,1,Urban,Y
LP003070,Male,Yes,,Graduate,No,5116,0,165,360,0,Urban,N
LP003071,Male,Yes,2,Graduate,No,16666,0,275,360,1,Urban,Y
LP003072,Male,Yes,2,Not Graduate,No,6125,0,187,480,1,Semiurban,N
LP003073,Male,Yes,3+,Graduate,No,6406,0,150,360,1,Semiurban,N
LP003074,Male,Yes,2,Graduate,No,3159,0,108,84,1,Urban,Y
LP003075,Female,Yes,0,Graduate,No,3087,0,136,360,0,Semiurban,N
LP003076,Male,No,0,Graduate,No,3229,0,110,360,1,Urban,Y
LP003077,Male,Yes,1,Graduate,No,1782,0,107,360,1,Rural,Y
LP003078,Male,No,0,Graduate,,3182,0,161,360,1,Urban,Y
LP003079,Male,Yes,2,Graduate,No,6540,0,205,360,1,Semiurban,Y
LP003080,Male,No,0,Graduate,No,1836,0,90,360,1,Urban,N
LP003081,Male,Yes,0,Not Graduate,No,4467,0,120,360,,Rural,Y
LP003082,Male,No,0,Graduate,No,3333,0,70,360,1,Urban,Y
LP003083,Male,Yes,3+,Graduate,No,3400,0,123,360,0,Rural,N
LP003084,Female,No,0,Graduate,No,2378,0,23,360,1,Urban,N
LP003085,Male,Yes,0,Graduate,No,3166,0,104,360,0,Urban,N
LP003086,Male,Yes,1,Graduate,No,3417,0,186,360,1,Urban,Y
LP003087,Male,Yes,,Graduate,No,5116,0,165,360,0,Urban,N
LP003088,Male,Yes,2,Graduate,No,16666,0,275,360,1,Urban,Y
LP003089,Male,Yes,2,Not Graduate,No,6125,0,187,480,1,Semiurban,N
LP003090,Male,Yes,3+,Graduate,No,6406,0,150,360,1,Semiurban,N
LP003091,Male,Yes,2,Graduate,No,3159,0,108,84,1,Urban,Y
LP003092,Female,Yes,0,Graduate,No,3087,0,126,360,0,Semiurban,N
LP003093,Male,No,0,Graduate,No,3229,0,110,360,1,Urban,Y
LP003094,Male,Yes,1,Graduate,No,1782,0,107,360,1,Rural,Y
LP003095,Male,No,0,Graduate,,3182,0,161,360,1,Urban,Y
LP003096,Male,Yes,2,Graduate,No,6540,0,205,360,1,Semiurban,Y
LP003097,Male,No,0,Graduate,No,1836,0,90,360,1,Urban,N
LP003098,Female,Yes,0,Graduate,No,3166,0,36,360,1,Semiurban,Y
LP003099,Male,Yes,1,Graduate,No,1880,0,61,360,,Rural,N
LP003100,Male,Yes,1,Graduate,No,2787,0,146,360,0,Rural,N
LP003101,Male,Yes,1,Graduate,No,4283,0,172,84,1,Rural,N
LP003102,Male,Yes,0,Graduate,No,2297,0,104,360,1,Urban,Y
LP003103,Female,No,0,Not Graduate,No,2165,0,70,360,1,Semiurban,Y
LP003104,Male,No,0,Graduate,No,4750,0,94,360,1,Semiurban,Y
LP003105,Male,Yes,2,Graduate,Yes,2726,0,106,360,0,Semiurban,N
LP003106,Male,Yes,0,Graduate,No,3000,0,56,180,1,Semiurban,Y
LP003107,Male,Yes,2,Graduate,Yes,6000,0,205,240,1,Semiurban,N
LP003108,Male,No,3+,Graduate,Yes,9357,0,292,360,1,Semiurban,Y
LP003109,Male,Yes,0,Graduate,No,3859,0,142,180,1,Rural,Y
LP003110,Male,Yes,0,Graduate,Yes,16120,0,260,360,1,Urban,Y
LP003111,Male,No,0,Not Graduate,No,3833,0,110,360,1,Rural,Y
LP003112,Male,Yes,2,Not Graduate,Yes,6383,0,187,360,1,Rural,N
LP003113,Male,No,,Graduate,No,2987,0,88,360,0,Semiurban,N
LP003114,Male,Yes,0,Graduate,Yes,9963,0,180,360,1,Rural,Y
LP003115,Male,Yes,2,Graduate,No,5780,0,190,360,1,Urban,Y
LP003116,Female,No,3+,Graduate,,416,0,350,180,,Urban,N
LP003117,Male,Yes,0,Not Graduate,,2894,0,145,360,1,Rural,Y
LP003118,Male,Yes,3+,Graduate,No,5703,0,128,360,1,Urban,Y
LP003119,Male,No,0,Graduate,No,3676,0,170,360,1,Rural,Y
LP003120,Female,Yes,1,Graduate,No,12000,0,396,360,1,Semiurban,Y
LP003121,Male,Yes,0,Not Graduate,No,2400,0,,180,1,Urban,N
LP003122,Male,Yes,1,Graduate,No,3400,3404,173,360,1,Semiurban,Y
LP003123,Male,Yes,2,Not Graduate,No,3987,0,157,360,1,Rural,Y
LP003124,Male,Yes,0,Graduate,No,3232,0,108,360,1,Rural,Y
LP003125,Female,No,0,Graduate,No,2900,0,71,360,1,Rural,Y
LP003126,Male,Yes,3+,Graduate,No,4106,0,40,180,1,Rural,Y
LP003127,Male,Yes,1,Graduate,No,8072,4567,253,360,1,Urban,Y
LP003128,Male,Yes,2,Graduate,No,7583,0,177,360,1,Urban,Y
LP003129,Female,No,0,Graduate,Yes,4583,0,135,360,0,Semiurban,N
LP003130,Male,Yes,0,Not Graduate,No,2400,0,,180,1,Urban,N
LP003131,Male,Yes,1,Graduate,No,3400,0,173,360,1,Semiurban,Y
LP003132,Male,Yes,2,Not Graduate,No,3987,0,150,360,1,Rural,Y
LP003133,Male,Yes,0,Graduate,No,3232,0,100,360,1,Rural,Y
LP003134,Female,No,0,Graduate,No,2900,0,71,360,1,Rural,Y
LP003135,Male,Yes,3+,Graduate,No,4106,0,130,180,1,Rural,Y
LP003136,Male,Yes,1,Graduate,No,8072,0,200,360,1,Urban,Y
LP003137,Male,Yes,2,Graduate,No,7583,0,187,360,1,Urban,Y
LP003138,Female,No,0,Graduate,Yes,4583,0,133,360,0,Semiurban,Y
LP003139,Male,No,0,Not Graduate,,7333,0,120,360,1,Rural,Y
LP003140,Male,Yes,2,Graduate,No,3800,0,200,360,0,Urban,Y
LP003141,Male,Yes,3+,Not Graduate,No,2071,0,88,480,1,Semiurban,Y
LP003142,Male,No,0,Graduate,No,5316,0,100,360,1,Urban,Y
LP003143,Male,No,0,Not Graduate,No,3598,0,101,360,1,Rural,N
LP003144,Male,Yes,1,Graduate,No,6065,0,250,360,1,Semiurban,Y
LP003145,Male,Yes,2,Graduate,No,3283,0,138,360,1,Urban,Y
LP003146,Male,Yes,0,Graduate,No,2130,0,70,180,1,Semiurban,N
LP003147,Male,No,0,Graduate,No,5815,0,300,360,1,Rural,N
LP003148,Male,Yes,3+,Graduate,No,3466,0,150,360,1,Rural,Y
LP003149,Female,Yes,2,Graduate,No,2031,0,100,480,1,Semiurban,Y
LP003150,Male,Yes,,Not Graduate,No,3074,0,120,360,0,Semiurban,N
LP003151,Male,No,0,Graduate,No,4683,0,80,360,1,Semiurban,N
LP003152,Female,No,0,Not Graduate,No,3400,0,80,360,1,Rural,N
LP003153,Male,Yes,2,Not Graduate,No,2192,0,45,360,1,Semiurban,Y
LP003154,Male,No,0,Graduate,No,2500,0,150,360,1,Semiurban,Y
LP003155,Male,Yes,3+,Graduate,Yes,5677,0,100,360,1,Rural,Y
LP003156,Male,Yes,2,Graduate,Yes,7948,0,250,360,1,Rural,Y
LP003157,Male,No,0,Graduate,No,4680,0,,360,1,Semiurban,N
LP003158,Male,Yes,2,Graduate,Yes,17500,0,20,360,1,Rural,Y
LP003159,Male,Yes,0,Graduate,No,3775,0,230,360,1,Semiurban,Y
LP003160,Male,Yes,1,Not Graduate,No,5285,0,150,360,0,Semiurban,Y
LP003161,Male,No,1,Not Graduate,No,2679,0,25,360,1,Semiurban,Y
LP003162,Male,No,0,Not Graduate,No,6783,0,120,360,1,Semiurban,Y
LP003163,Female,Yes,0,Graduate,No,1025,0,23,360,,Rural,Y
LP003164,Female,Yes,3+,Graduate,No,4281,0,13,360,1,Urban,Y
LP003165,Male,No,2,Graduate,No,3588,0,130,360,0,Rural,N
LP003166,Male,No,1,Graduate,No,11250,0,20,360,,Semiurban,N
LP003167,Female,No,0,Not Graduate,Yes,18165,0,240,360,1,Urban,Y
LP003168,Male,No,0,Not Graduate,,2550,0,100,360,1,Rural,Y
LP003169,Male,Yes,0,Graduate,No,6133,0,30,360,1,Urban,Y
LP003170,Male,No,2,Graduate,No,3617,0,67,360,1,Semiurban,Y
LP003171,Male,Yes,0,Not Graduate,No,2917,0,66,360,1,Rural,N
LP003172,Male,Yes,3+,Graduate,No,6417,0,50,180,1,Rural,Y
LP003173,Female,Yes,1,Graduate,No,4608,0,30,180,1,Semiurban,Y
LP003174,Female,No,0,Graduate,No,2138,0,120,360,0,Semiurban,N
LP003175,Female,No,1,Graduate,,3652,0,50,360,1,Semiurban,Y
LP003176,Male,Yes,1,Not Graduate,No,2239,0,24,360,1,Urban,Y
LP003177,Female,Yes,0,Not Graduate,No,3017,0,102,360,,Semiurban,Y
LP003178,Male,Yes,0,Graduate,No,2768,0,155,360,1,Rural,Y
LP003179,Male,No,0,Not Graduate,No,3358,3456,80,36,1,Semiurban,N
LP003180,Male,Yes,3+,Graduate,No,6417,0,150,180,1,Rural,Y
LP003173,Female,Yes,1,Graduate,No,4608,0,130,180,1,Semiurban,Y
LP003174,Female,No,0,Graduate,No,2138,0,130,360,0,Semiurban,N
LP003175,Female,No,1,Graduate,,3652,0,95,360,1,Semiurban,Y
LP003176,Male,Yes,1,Not Graduate,No,2239,0,128,360,1,Urban,Y
LP003177,Female,Yes,0,Not Graduate,No,3017,0,102,360,,Semiurban,Y
LP003178,Male,Yes,0,Graduate,No,2768,2345,155,360,1,Rural,Y
LP003179,Male,No,0,Not Graduate,No,3358,0,80,36,1,Semiurban,N
LP003180,Male,Yes,3+,Graduate,No,6417,9087,157,180,1,Rural,Y
LP003173,Male,Yes,1,Graduate,No,4608,345,140,180,1,Semiurban,Y
LP003174,Male,No,0,Graduate,No,2138,234,130,360,0,Semiurban,N
LP003175,Female,No,1,Graduate,,3652,500,95,360,1,Semiurban,Y
LP003176,Male,Yes,1,Not Graduate,No,2239,2000,128,360,1,Urban,Y
LP003177,Male,Yes,0,Not Graduate,No,3017,0,180,360,,Semiurban,Y
LP003178,Male,Yes,0,Graduate,No,2768,350,150,360,1,Rural,Y
LP003179,Male,No,0,Not Graduate,No,3358,700,180,36,1,Semiurban,N
LP003180,Female,No,0,Graduate,No,2138,0,10,360,0,Semiurban,N
LP003181,Female,No,1,Graduate,,3652,0,100,360,1,Semiurban,Y
LP003182,Male,Yes,1,Not Graduate,No,2239,0,115,360,1,Urban,Y
LP003183,Female,Yes,0,Not Graduate,No,3017,0,122,360,,Semiurban,Y
LP003184,Male,Yes,0,Graduate,No,2768,0,155,360,1,Rural,Y
LP003185,Male,No,0,Not Graduate,No,3358,3456,120,36,1,Semiurban,N
LP003186,Male,Yes,3+,Graduate,No,6417,0,190,180,1,Rural,Y
LP003187,Female,Yes,1,Graduate,No,4608,0,80,180,1,Semiurban,Y
LP003188,Female,No,0,Graduate,No,2138,0,100,360,0,Semiurban,N
LP003189,Female,No,1,Graduate,,3652,0,100,360,1,Semiurban,Y
LP003190,Male,Yes,1,Not Graduate,No,2239,0,20,360,1,Urban,Y
LP003191,Female,Yes,0,Not Graduate,No,3017,0,92,360,,Semiurban,Y
LP003192,Male,Yes,0,Graduate,No,2768,2345,200,360,1,Rural,Y
LP003193,Male,No,0,Not Graduate,No,3358,0,100,36,1,Semiurban,N
LP003194,Male,No,0,Not Graduate,No,3358,0,100,36,1,Semiurban,N
LP003193,Male,No,0,Not Graduate,No,3358,0,120,36,1,Semiurban,N
LP003194,Male,No,0,Not Graduate,No,3358,0,50,36,1,Semiurban,N
,Female,No,1,Graduate,,3652,0,100,360,1,Semiurban,Y
,Male,Yes,1,Not Graduate,No,2239,0,20,360,1,Urban,Y
,Female,Yes,0,Not Graduate,No,3017,0,12,360,,Semiurban,Y
,Male,Yes,0,Graduate,No,2768,2345,100,360,1,Rural,Y
,Male,No,0,Not Graduate,No,3358,0,20,36,1,Semiurban,N
,Male,No,0,Not Graduate,No,3358,0,100,36,1,Semiurban,N
,Male,No,0,Not Graduate,No,3358,0,50,36,1,Semiurban,N
,Male,No,0,Not Graduate,No,3358,0,50,36,1,Semiurban,N
